<?xml version="1.0" encoding="UTF-8" standalone="no"?>
<extension type="package" version="4" method="upgrade">
	<name>Fabrik Package</name>
	<packagename>fabrik</packagename>
	<version>4.0</version>
	<url>http://www.fabrikar.com</url>
	<creationDate>August 2021</creationDate>
	<copyright>Copyright (C) 2005-2021 Media A-Team, Inc. - All rights reserved.</copyright>
	<author>Media A-Team, Inc.</author>
	<packager>Rob Clayburn</packager>
	<packagerurl>http://www.fabrikar.com</packagerurl>
	<description>Fabrik Package</description>

	<files folder="packages">
		<file group="system" id="fabrik" type="plugin">plg_fabrik_system.zip</file>

		<file group="fabrik_element" id="field" type="plugin">plg_fabrik_element_field.zip</file>
		<file group="fabrik_element" id="internalid" type="plugin">plg_fabrik_element_internalid.zip</file>
		<file group="fabrik_element" id="jdate" type="plugin">plg_fabrik_element_jdate.zip</file>

		<file id="com_fabrik" type="component">com_fabrik.zip</file>
	</files>
</extension>
